[
    {
        "Dur": 1,
        "ING LifePay Plus Base": 0
    },
    {
        "Dur": 2,
        "ING LifePay Plus Base": 0
    },
    {
        "Dur": 3,
        "ING LifePay Plus Base": 0
    },
    {
        "Dur": 4,
        "ING LifePay Plus Base": 0
    },
    {
        "Dur": 5,
        "ING LifePay Plus Base": 0
    },
    {
        "Dur": 6,
        "ING LifePay Plus Base": 0
    },
    {
        "Dur": 7,
        "ING LifePay Plus Base": 0
    },
    {
        "Dur": 8,
        "ING LifePay Plus Base": 0
    },
    {
        "Dur": 9,
        "ING LifePay Plus Base": 0
    },
    {
        "Dur": 10,
        "ING LifePay Plus Base": 0
    },
    {
        "Dur": 11,
        "ING LifePay Plus Base": 0
    },
    {
        "Dur": 12,
        "ING LifePay Plus Base": 0
    },
    {
        "Dur": 13,
        "ING LifePay Plus Base": 0
    },
    {
        "Dur": 14,
        "ING LifePay Plus Base": 0
    },
    {
        "Dur": 15,
        "ING LifePay Plus Base": 0
    },
    {
        "Dur": 16,
        "ING LifePay Plus Base": 0
    },
    {
        "Dur": 17,
        "ING LifePay Plus Base": 0
    },
    {
        "Dur": 18,
        "ING LifePay Plus Base": 0
    },
    {
        "Dur": 19,
        "ING LifePay Plus Base": 0
    },
    {
        "Dur": 20,
        "ING LifePay Plus Base": 0
    },
    {
        "Dur": 21,
        "ING LifePay Plus Base": 0
    },
    {
        "Dur": 22,
        "ING LifePay Plus Base": 0
    },
    {
        "Dur": 23,
        "ING LifePay Plus Base": 0
    },
    {
        "Dur": 24,
        "ING LifePay Plus Base": 0
    },
    {
        "Dur": 25,
        "ING LifePay Plus Base": 0
    },
    {
        "Dur": 26,
        "ING LifePay Plus Base": 0
    },
    {
        "Dur": 27,
        "ING LifePay Plus Base": 0
    },
    {
        "Dur": 28,
        "ING LifePay Plus Base": 0
    },
    {
        "Dur": 29,
        "ING LifePay Plus Base": 0
    },
    {
        "Dur": 30,
        "ING LifePay Plus Base": 0
    },
    {
        "Dur": 31,
        "ING LifePay Plus Base": 0
    },
    {
        "Dur": 32,
        "ING LifePay Plus Base": 0
    },
    {
        "Dur": 33,
        "ING LifePay Plus Base": 0
    },
    {
        "Dur": 34,
        "ING LifePay Plus Base": 0
    },
    {
        "Dur": 35,
        "ING LifePay Plus Base": 0
    },
    {
        "Dur": 36,
        "ING LifePay Plus Base": 0
    },
    {
        "Dur": 37,
        "ING LifePay Plus Base": 0
    },
    {
        "Dur": 38,
        "ING LifePay Plus Base": 0
    },
    {
        "Dur": 39,
        "ING LifePay Plus Base": 0
    },
    {
        "Dur": 40,
        "ING LifePay Plus Base": 0
    },
    {
        "Dur": 41,
        "ING LifePay Plus Base": 0
    },
    {
        "Dur": 42,
        "ING LifePay Plus Base": 0
    },
    {
        "Dur": 43,
        "ING LifePay Plus Base": 0
    },
    {
        "Dur": 44,
        "ING LifePay Plus Base": 0
    },
    {
        "Dur": 45,
        "ING LifePay Plus Base": 0
    },
    {
        "Dur": 46,
        "ING LifePay Plus Base": 0
    },
    {
        "Dur": 47,
        "ING LifePay Plus Base": 0
    },
    {
        "Dur": 48,
        "ING LifePay Plus Base": 0
    },
    {
        "Dur": 49,
        "ING LifePay Plus Base": 0
    },
    {
        "Dur": 50,
        "ING LifePay Plus Base": 0
    },
    {
        "Dur": 51,
        "ING LifePay Plus Base": 0
    },
    {
        "Dur": 52,
        "ING LifePay Plus Base": 0
    },
    {
        "Dur": 53,
        "ING LifePay Plus Base": 0
    },
    {
        "Dur": 54,
        "ING LifePay Plus Base": 0
    },
    {
        "Dur": 55,
        "ING LifePay Plus Base": 0
    },
    {
        "Dur": 56,
        "ING LifePay Plus Base": 0
    },
    {
        "Dur": 57,
        "ING LifePay Plus Base": 0
    },
    {
        "Dur": 58,
        "ING LifePay Plus Base": 0
    },
    {
        "Dur": 59,
        "ING LifePay Plus Base": 0
    },
    {
        "Dur": 60,
        "ING LifePay Plus Base": 0
    },
    {
        "Dur": 61,
        "ING LifePay Plus Base": 0
    },
    {
        "Dur": 62,
        "ING LifePay Plus Base": 0
    },
    {
        "Dur": 63,
        "ING LifePay Plus Base": 0
    },
    {
        "Dur": 64,
        "ING LifePay Plus Base": 0
    },
    {
        "Dur": 65,
        "ING LifePay Plus Base": 0
    },
    {
        "Dur": 66,
        "ING LifePay Plus Base": 0
    },
    {
        "Dur": 67,
        "ING LifePay Plus Base": 0
    },
    {
        "Dur": 68,
        "ING LifePay Plus Base": 0
    },
    {
        "Dur": 69,
        "ING LifePay Plus Base": 0
    },
    {
        "Dur": 70,
        "ING LifePay Plus Base": 0
    },
    {
        "Dur": 71,
        "ING LifePay Plus Base": 0
    },
    {
        "Dur": 72,
        "ING LifePay Plus Base": 0
    },
    {
        "Dur": 73,
        "ING LifePay Plus Base": 0
    },
    {
        "Dur": 74,
        "ING LifePay Plus Base": 0
    },
    {
        "Dur": 75,
        "ING LifePay Plus Base": 0
    },
    {
        "Dur": 76,
        "ING LifePay Plus Base": 0
    },
    {
        "Dur": 77,
        "ING LifePay Plus Base": 0
    },
    {
        "Dur": 78,
        "ING LifePay Plus Base": 0
    },
    {
        "Dur": 79,
        "ING LifePay Plus Base": 0
    },
    {
        "Dur": 80,
        "ING LifePay Plus Base": 0
    },
    {
        "Dur": 81,
        "ING LifePay Plus Base": 0
    },
    {
        "Dur": 82,
        "ING LifePay Plus Base": 0
    },
    {
        "Dur": 83,
        "ING LifePay Plus Base": 0
    },
    {
        "Dur": 84,
        "ING LifePay Plus Base": 0
    },
    {
        "Dur": 85,
        "ING LifePay Plus Base": 0
    },
    {
        "Dur": 86,
        "ING LifePay Plus Base": 0
    },
    {
        "Dur": 87,
        "ING LifePay Plus Base": 0
    },
    {
        "Dur": 88,
        "ING LifePay Plus Base": 0
    },
    {
        "Dur": 89,
        "ING LifePay Plus Base": 0
    },
    {
        "Dur": 90,
        "ING LifePay Plus Base": 0
    },
    {
        "Dur": 91,
        "ING LifePay Plus Base": 0
    },
    {
        "Dur": 92,
        "ING LifePay Plus Base": 0
    },
    {
        "Dur": 93,
        "ING LifePay Plus Base": 0
    },
    {
        "Dur": 94,
        "ING LifePay Plus Base": 0
    },
    {
        "Dur": 95,
        "ING LifePay Plus Base": 0
    },
    {
        "Dur": 96,
        "ING LifePay Plus Base": 0
    },
    {
        "Dur": 97,
        "ING LifePay Plus Base": 0
    },
    {
        "Dur": 98,
        "ING LifePay Plus Base": 0
    },
    {
        "Dur": 99,
        "ING LifePay Plus Base": 0
    },
    {
        "Dur": 100,
        "ING LifePay Plus Base": 0
    },
    {
        "Dur": 101,
        "ING LifePay Plus Base": 0
    },
    {
        "Dur": 102,
        "ING LifePay Plus Base": 0
    },
    {
        "Dur": 103,
        "ING LifePay Plus Base": 0
    },
    {
        "Dur": 104,
        "ING LifePay Plus Base": 0
    },
    {
        "Dur": 105,
        "ING LifePay Plus Base": 0
    },
    {
        "Dur": 106,
        "ING LifePay Plus Base": 0
    },
    {
        "Dur": 107,
        "ING LifePay Plus Base": 0
    },
    {
        "Dur": 108,
        "ING LifePay Plus Base": 0
    },
    {
        "Dur": 109,
        "ING LifePay Plus Base": 0
    },
    {
        "Dur": 110,
        "ING LifePay Plus Base": 0
    },
    {
        "Dur": 111,
        "ING LifePay Plus Base": 0
    },
    {
        "Dur": 112,
        "ING LifePay Plus Base": 0
    },
    {
        "Dur": 113,
        "ING LifePay Plus Base": 0
    },
    {
        "Dur": 114,
        "ING LifePay Plus Base": 0
    },
    {
        "Dur": 115,
        "ING LifePay Plus Base": 0
    },
    {
        "Dur": 116,
        "ING LifePay Plus Base": 0
    }
]