[
    {
        "Age": 0,
        "Mortality Rate": 0.005
    },
    {
        "Age": 1,
        "Mortality Rate": 0.005
    },
    {
        "Age": 2,
        "Mortality Rate": 0.005
    },
    {
        "Age": 3,
        "Mortality Rate": 0.005
    },
    {
        "Age": 4,
        "Mortality Rate": 0.005
    },
    {
        "Age": 5,
        "Mortality Rate": 0.005
    },
    {
        "Age": 6,
        "Mortality Rate": 0.005
    },
    {
        "Age": 7,
        "Mortality Rate": 0.005
    },
    {
        "Age": 8,
        "Mortality Rate": 0.005
    },
    {
        "Age": 9,
        "Mortality Rate": 0.005
    },
    {
        "Age": 10,
        "Mortality Rate": 0.005
    },
    {
        "Age": 11,
        "Mortality Rate": 0.005
    },
    {
        "Age": 12,
        "Mortality Rate": 0.005
    },
    {
        "Age": 13,
        "Mortality Rate": 0.005
    },
    {
        "Age": 14,
        "Mortality Rate": 0.005
    },
    {
        "Age": 15,
        "Mortality Rate": 0.005
    },
    {
        "Age": 16,
        "Mortality Rate": 0.005
    },
    {
        "Age": 17,
        "Mortality Rate": 0.005
    },
    {
        "Age": 18,
        "Mortality Rate": 0.005
    },
    {
        "Age": 19,
        "Mortality Rate": 0.005
    },
    {
        "Age": 20,
        "Mortality Rate": 0.005
    },
    {
        "Age": 21,
        "Mortality Rate": 0.005
    },
    {
        "Age": 22,
        "Mortality Rate": 0.005
    },
    {
        "Age": 23,
        "Mortality Rate": 0.005
    },
    {
        "Age": 24,
        "Mortality Rate": 0.005
    },
    {
        "Age": 25,
        "Mortality Rate": 0.005
    },
    {
        "Age": 26,
        "Mortality Rate": 0.005
    },
    {
        "Age": 27,
        "Mortality Rate": 0.005
    },
    {
        "Age": 28,
        "Mortality Rate": 0.005
    },
    {
        "Age": 29,
        "Mortality Rate": 0.005
    },
    {
        "Age": 30,
        "Mortality Rate": 0.005
    },
    {
        "Age": 31,
        "Mortality Rate": 0.005
    },
    {
        "Age": 32,
        "Mortality Rate": 0.005
    },
    {
        "Age": 33,
        "Mortality Rate": 0.005
    },
    {
        "Age": 34,
        "Mortality Rate": 0.005
    },
    {
        "Age": 35,
        "Mortality Rate": 0.005
    },
    {
        "Age": 36,
        "Mortality Rate": 0.005
    },
    {
        "Age": 37,
        "Mortality Rate": 0.005
    },
    {
        "Age": 38,
        "Mortality Rate": 0.005
    },
    {
        "Age": 39,
        "Mortality Rate": 0.005
    },
    {
        "Age": 40,
        "Mortality Rate": 0.005
    },
    {
        "Age": 41,
        "Mortality Rate": 0.005
    },
    {
        "Age": 42,
        "Mortality Rate": 0.005
    },
    {
        "Age": 43,
        "Mortality Rate": 0.005
    },
    {
        "Age": 44,
        "Mortality Rate": 0.005
    },
    {
        "Age": 45,
        "Mortality Rate": 0.005
    },
    {
        "Age": 46,
        "Mortality Rate": 0.005
    },
    {
        "Age": 47,
        "Mortality Rate": 0.005
    },
    {
        "Age": 48,
        "Mortality Rate": 0.005
    },
    {
        "Age": 49,
        "Mortality Rate": 0.005
    },
    {
        "Age": 50,
        "Mortality Rate": 0.005
    },
    {
        "Age": 51,
        "Mortality Rate": 0.005
    },
    {
        "Age": 52,
        "Mortality Rate": 0.005
    },
    {
        "Age": 53,
        "Mortality Rate": 0.005
    },
    {
        "Age": 54,
        "Mortality Rate": 0.005
    },
    {
        "Age": 55,
        "Mortality Rate": 0.005
    },
    {
        "Age": 56,
        "Mortality Rate": 0.005
    },
    {
        "Age": 57,
        "Mortality Rate": 0.005
    },
    {
        "Age": 58,
        "Mortality Rate": 0.005
    },
    {
        "Age": 59,
        "Mortality Rate": 0.005
    },
    {
        "Age": 60,
        "Mortality Rate": 0.005
    },
    {
        "Age": 61,
        "Mortality Rate": 0.005
    },
    {
        "Age": 62,
        "Mortality Rate": 0.005
    },
    {
        "Age": 63,
        "Mortality Rate": 0.005
    },
    {
        "Age": 64,
        "Mortality Rate": 0.005
    },
    {
        "Age": 65,
        "Mortality Rate": 0.005
    },
    {
        "Age": 66,
        "Mortality Rate": 0.005
    },
    {
        "Age": 67,
        "Mortality Rate": 0.005
    },
    {
        "Age": 68,
        "Mortality Rate": 0.005
    },
    {
        "Age": 69,
        "Mortality Rate": 0.005
    },
    {
        "Age": 70,
        "Mortality Rate": 0.005
    },
    {
        "Age": 71,
        "Mortality Rate": 0.005
    },
    {
        "Age": 72,
        "Mortality Rate": 0.005
    },
    {
        "Age": 73,
        "Mortality Rate": 0.005
    },
    {
        "Age": 74,
        "Mortality Rate": 0.005
    },
    {
        "Age": 75,
        "Mortality Rate": 0.005
    },
    {
        "Age": 76,
        "Mortality Rate": 0.005
    },
    {
        "Age": 77,
        "Mortality Rate": 0.005
    },
    {
        "Age": 78,
        "Mortality Rate": 0.005
    },
    {
        "Age": 79,
        "Mortality Rate": 0.005
    },
    {
        "Age": 80,
        "Mortality Rate": 0.005
    },
    {
        "Age": 81,
        "Mortality Rate": 0.005
    },
    {
        "Age": 82,
        "Mortality Rate": 0.005
    },
    {
        "Age": 83,
        "Mortality Rate": 0.005
    },
    {
        "Age": 84,
        "Mortality Rate": 0.005
    },
    {
        "Age": 85,
        "Mortality Rate": 0.005
    },
    {
        "Age": 86,
        "Mortality Rate": 0.005
    },
    {
        "Age": 87,
        "Mortality Rate": 0.005
    },
    {
        "Age": 88,
        "Mortality Rate": 0.005
    },
    {
        "Age": 89,
        "Mortality Rate": 0.005
    },
    {
        "Age": 90,
        "Mortality Rate": 0.005
    },
    {
        "Age": 91,
        "Mortality Rate": 0.005
    },
    {
        "Age": 92,
        "Mortality Rate": 0.005
    },
    {
        "Age": 93,
        "Mortality Rate": 0.005
    },
    {
        "Age": 94,
        "Mortality Rate": 0.005
    },
    {
        "Age": 95,
        "Mortality Rate": 0.005
    },
    {
        "Age": 96,
        "Mortality Rate": 0.005
    },
    {
        "Age": 97,
        "Mortality Rate": 0.005
    },
    {
        "Age": 98,
        "Mortality Rate": 0.005
    },
    {
        "Age": 99,
        "Mortality Rate": 0.005
    },
    {
        "Age": 100,
        "Mortality Rate": 0.005
    },
    {
        "Age": 101,
        "Mortality Rate": 0.005
    },
    {
        "Age": 102,
        "Mortality Rate": 0.005
    },
    {
        "Age": 103,
        "Mortality Rate": 0.005
    },
    {
        "Age": 104,
        "Mortality Rate": 0.005
    },
    {
        "Age": 105,
        "Mortality Rate": 0.005
    },
    {
        "Age": 106,
        "Mortality Rate": 0.005
    },
    {
        "Age": 107,
        "Mortality Rate": 0.005
    },
    {
        "Age": 108,
        "Mortality Rate": 0.005
    },
    {
        "Age": 109,
        "Mortality Rate": 0.005
    },
    {
        "Age": 110,
        "Mortality Rate": 0.005
    },
    {
        "Age": 111,
        "Mortality Rate": 0.005
    },
    {
        "Age": 112,
        "Mortality Rate": 0.005
    },
    {
        "Age": 113,
        "Mortality Rate": 0.005
    },
    {
        "Age": 114,
        "Mortality Rate": 0.005
    },
    {
        "Age": 115,
        "Mortality Rate": 0.005
    }
]