[
    {
        "Year": 0,
        "Return": 0
    },
    {
        "Year": 1,
        "Return": 0.159573
    },
    {
        "Year": 2,
        "Return": -0.31936
    },
    {
        "Year": 3,
        "Return": -0.01439
    },
    {
        "Year": 4,
        "Return": -0.00764
    },
    {
        "Year": 5,
        "Return": -0.15666
    },
    {
        "Year": 6,
        "Return": 0.155899
    },
    {
        "Year": 7,
        "Return": 0.099227
    },
    {
        "Year": 8,
        "Return": -0.20138
    },
    {
        "Year": 9,
        "Return": 0.379851
    },
    {
        "Year": 10,
        "Return": 0.032104
    },
    {
        "Year": 11,
        "Return": -0.00951
    },
    {
        "Year": 12,
        "Return": 0.001666
    },
    {
        "Year": 13,
        "Return": 0.132296
    },
    {
        "Year": 14,
        "Return": 0.341507
    },
    {
        "Year": 15,
        "Return": 0.07336
    },
    {
        "Year": 16,
        "Return": -0.08088
    },
    {
        "Year": 17,
        "Return": 0.159537
    },
    {
        "Year": 18,
        "Return": -0.11263
    },
    {
        "Year": 19,
        "Return": -0.0814
    },
    {
        "Year": 20,
        "Return": 0.065479
    },
    {
        "Year": 21,
        "Return": -0.10646
    },
    {
        "Year": 22,
        "Return": -0.12019
    },
    {
        "Year": 23,
        "Return": 0.291501
    },
    {
        "Year": 24,
        "Return": -0.17797
    },
    {
        "Year": 25,
        "Return": 0.136908
    },
    {
        "Year": 26,
        "Return": -0.06963
    },
    {
        "Year": 27,
        "Return": 0.30952
    },
    {
        "Year": 28,
        "Return": 0.119521
    },
    {
        "Year": 29,
        "Return": 0.056909
    },
    {
        "Year": 30,
        "Return": 0.089427
    },
    {
        "Year": 31,
        "Return": -0.03292
    },
    {
        "Year": 32,
        "Return": 0.050138
    },
    {
        "Year": 33,
        "Return": 0.01396
    },
    {
        "Year": 34,
        "Return": 0.061551
    },
    {
        "Year": 35,
        "Return": -0.00204
    },
    {
        "Year": 36,
        "Return": -0.06368
    },
    {
        "Year": 37,
        "Return": 0.034144
    },
    {
        "Year": 38,
        "Return": 0.293005
    },
    {
        "Year": 39,
        "Return": 0.009602
    },
    {
        "Year": 40,
        "Return": 0.012877
    }
]