[
    {
        "Year": 0,
        "Return": 0
    },
    {
        "Year": 1,
        "Return": 0.002704
    },
    {
        "Year": 2,
        "Return": 0.028763
    },
    {
        "Year": 3,
        "Return": -0.16695
    },
    {
        "Year": 4,
        "Return": -0.05735
    },
    {
        "Year": 5,
        "Return": 0.213797
    },
    {
        "Year": 6,
        "Return": -0.12776
    },
    {
        "Year": 7,
        "Return": -0.26007
    },
    {
        "Year": 8,
        "Return": -0.12315
    },
    {
        "Year": 9,
        "Return": -0.14576
    },
    {
        "Year": 10,
        "Return": -0.09085
    },
    {
        "Year": 11,
        "Return": -0.19257
    },
    {
        "Year": 12,
        "Return": 0.251151
    },
    {
        "Year": 13,
        "Return": -0.14038
    },
    {
        "Year": 14,
        "Return": -0.02348
    },
    {
        "Year": 15,
        "Return": 0.03019
    },
    {
        "Year": 16,
        "Return": -0.09657
    },
    {
        "Year": 17,
        "Return": -0.2351
    },
    {
        "Year": 18,
        "Return": 0.06025
    },
    {
        "Year": 19,
        "Return": -0.2027
    },
    {
        "Year": 20,
        "Return": -0.18165
    },
    {
        "Year": 21,
        "Return": 0.079412
    },
    {
        "Year": 22,
        "Return": 0.129848
    },
    {
        "Year": 23,
        "Return": 0.033916
    },
    {
        "Year": 24,
        "Return": 0.127453
    },
    {
        "Year": 25,
        "Return": 0.128149
    },
    {
        "Year": 26,
        "Return": -0.08496
    },
    {
        "Year": 27,
        "Return": 0.054309
    },
    {
        "Year": 28,
        "Return": 0.124479
    },
    {
        "Year": 29,
        "Return": 0.028667
    },
    {
        "Year": 30,
        "Return": -0.04691
    },
    {
        "Year": 31,
        "Return": -0.09868
    },
    {
        "Year": 32,
        "Return": -0.01632
    },
    {
        "Year": 33,
        "Return": 0.079479
    },
    {
        "Year": 34,
        "Return": -0.00267
    },
    {
        "Year": 35,
        "Return": 0.028251
    },
    {
        "Year": 36,
        "Return": 0.291947
    },
    {
        "Year": 37,
        "Return": -0.15581
    },
    {
        "Year": 38,
        "Return": 0.253337
    },
    {
        "Year": 39,
        "Return": -0.13297
    },
    {
        "Year": 40,
        "Return": 0.081483
    }
]