[
    {
        "Year": 0,
        "Return": 0
    },
    {
        "Year": 1,
        "Return": 0.03
    },
    {
        "Year": 2,
        "Return": 0.03
    },
    {
        "Year": 3,
        "Return": 0.03
    },
    {
        "Year": 4,
        "Return": 0.03
    },
    {
        "Year": 5,
        "Return": 0.03
    },
    {
        "Year": 6,
        "Return": 0.03
    },
    {
        "Year": 7,
        "Return": 0.03
    },
    {
        "a": null,
        "Year": 8,
        "Return": 0.03
    },
    {
        "Year": 9,
        "Return": 0.03
    },
    {
        "Year": 10,
        "Return": 0.03
    },
    {
        "Year": 11,
        "Return": 0.03
    },
    {
        "Year": 12,
        "Return": 0.03
    },
    {
        "Year": 13,
        "Return": 0.03
    },
    {
        "Year": 14,
        "Return": 0.03
    },
    {
        "Year": 15,
        "Return": 0.03
    },
    {
        "Year": 16,
        "Return": 0.03
    },
    {
        "Year": 17,
        "Return": 0.03
    },
    {
        "Year": 18,
        "Return": 0.03
    },
    {
        "Year": 19,
        "Return": 0.03
    },
    {
        "Year": 20,
        "Return": 0.03
    },
    {
        "Year": 21,
        "Return": 0.03
    },
    {
        "Year": 22,
        "Return": 0.03
    },
    {
        "Year": 23,
        "Return": 0.03
    },
    {
        "Year": 24,
        "Return": 0.03
    },
    {
        "Year": 25,
        "Return": 0.03
    },
    {
        "Year": 26,
        "Return": 0.03
    },
    {
        "Year": 27,
        "Return": 0.03
    },
    {
        "Year": 28,
        "Return": 0.03
    },
    {
        "Year": 29,
        "Return": 0.03
    },
    {
        "Year": 30,
        "Return": 0.03
    },
    {
        "Year": 31,
        "Return": 0.03
    },
    {
        "Year": 32,
        "Return": 0.03
    },
    {
        "Year": 33,
        "Return": 0.03
    },
    {
        "Year": 34,
        "Return": 0.03
    },
    {
        "Year": 35,
        "Return": 0.03
    },
    {
        "Year": 36,
        "Return": 0.03
    },
    {
        "Year": 37,
        "Return": 0.03
    },
    {
        "Year": 38,
        "Return": 0.03
    },
    {
        "Year": 39,
        "Return": 0.03
    },
    {
        "Year": 40,
        "Return": 0.03
    }
]