[
  {
    "Year": 0,
    "Return": 0
  },
  {
    "Year": 1,
    "Return": 0.030608
  },
  {
    "Year": 2,
    "Return": 0.05685
  },
  {
    "Year": 3,
    "Return": 0.099284
  },
  {
    "Year": 4,
    "Return": 0.044103
  },
  {
    "Year": 5,
    "Return": 0.031283
  },
  {
    "Year": 6,
    "Return": 0.365316
  },
  {
    "Year": 7,
    "Return": -0.2065
  },
  {
    "Year": 8,
    "Return": -0.05917
  },
  {
    "Year": 9,
    "Return": 0.115434
  },
  {
    "Year": 10,
    "Return": 0.253064
  },
  {
    "Year": 11,
    "Return": 0.293484
  },
  {
    "Year": 12,
    "Return": 0.297418
  },
  {
    "Year": 13,
    "Return": 0.037014
  },
  {
    "Year": 14,
    "Return": -0.18045
  },
  {
    "Year": 15,
    "Return": 0.07094
  },
  {
    "Year": 16,
    "Return": -0.16706
  },
  {
    "Year": 17,
    "Return": 0.276846
  },
  {
    "Year": 18,
    "Return": -0.08263
  },
  {
    "Year": 19,
    "Return": 0.058905
  },
  {
    "Year": 20,
    "Return": 0.062372
  },
  {
    "Year": 21,
    "Return": -0.29431
  },
  {
    "Year": 22,
    "Return": 0.242245
  },
  {
    "Year": 23,
    "Return": 0.113563
  },
  {
    "Year": 24,
    "Return": -0.01282
  },
  {
    "Year": 25,
    "Return": -0.24218
  },
  {
    "Year": 26,
    "Return": 0.170512
  },
  {
    "Year": 27,
    "Return": 0.075561
  },
  {
    "Year": 28,
    "Return": -0.12246
  },
  {
    "Year": 29,
    "Return": -0.12671
  },
  {
    "Year": 30,
    "Return": 0.118279
  },
  {
    "Year": 31,
    "Return": -0.12186
  },
  {
    "Year": 32,
    "Return": 0.292328
  },
  {
    "Year": 33,
    "Return": -0.0751
  },
  {
    "Year": 34,
    "Return": -0.10806
  },
  {
    "Year": 35,
    "Return": 0.321053
  },
  {
    "Year": 36,
    "Return": 0.065
  },
  {
    "Year": 37,
    "Return": -0.21221
  },
  {
    "Year": 38,
    "Return": 0.03525
  },
  {
    "Year": 39,
    "Return": -0.07618
  },
  {
    "Year": 40,
    "Return": 0.053257
  }
]