{
    "StepUp": 0.06,
    "StepUpPeriod": 10,
    "RiderCharge": 0.0085,
    "InitialPremium": 100000,
    "StartAge": 60,
    "FirstWithdrawalAge": 70,
    "AnnunityCommencementDateAge": 80,
    "LastDeathAge": 100,
    "Mortality": 0.005,
    "WithrawalRate": 0.03,
    "FixedAllocationFundsAutomaticRebalancingTarget": 0.2,
    "MandE": 0.014,
    "FundFees": 0.0015,
    "RiskFreeRate": 0.03,
    "Volatility": 0.16,
    "MaxAnnualWithdrawal": {
        "59.5": 0.04,
        "65": 0.05,
        "76": 0.06,
        "80": 0.07
    }
}